,mean
train,3.723974082073434
slant,3.7244060475161986
trace,3.725269978401728
crate,3.7269978401727863
print,3.7369330453563716
trail,3.7399568034557236
plait,3.7403887688984883
dealt,3.741252699784017
plant,3.742548596112311
leapt,3.743844492440605
leant,3.7455723542116632
trice,3.747732181425486
plate,3.748596112311015
crane,3.7503239740820735
slate,3.750755939524838
price,3.7559395248380127
sport,3.7563714902807774
react,3.757235421166307
saint,3.757667386609071
crept,3.7585313174946005
tripe,3.7611231101511877
spent,3.7615550755939524
slept,3.762419006479482
talon,3.7637149028077754
tried,3.7645788336933044
carol,3.7645788336933044
drone,3.765010799136069
least,3.765010799136069
lance,3.765010799136069
crone,3.7663066954643627
shalt,3.7663066954643627
scant,3.7663066954643627
stale,3.7667386609071274
tapir,3.7667386609071274
blast,3.767170626349892
plane,3.7684665226781857
pearl,3.7688984881209504
drain,3.7688984881209504
shale,3.7697624190064793
lapse,3.7697624190064793
prone,3.7706263498920087
coast,3.7706263498920087
trial,3.7710583153347734
salon,3.7714902807775377
stole,3.7719222462203024
trade,3.7727861771058318
pried,3.7727861771058318
split,3.773218142548596
cater,3.773218142548596
trope,3.7736501079913607
petal,3.7740820734341254
alert,3.7745140388768896
slope,3.7749460043196543
parse,3.7758099352051837
cairn,3.776241900647948
scale,3.7766738660907127
torch,3.7771058315334773
spilt,3.777537796976242
droit,3.777537796976242
heist,3.778401727861771
slain,3.778401727861771
paste,3.778401727861771
snort,3.7792656587473004
spite,3.7796976241900646
caste,3.7801295896328293
learn,3.780561555075594
satin,3.780561555075594
truce,3.780561555075594
cried,3.7809935205183587
clear,3.7809935205183587
taper,3.7809935205183587
coral,3.7809935205183587
short,3.7809935205183587
paint,3.781425485961123
clasp,3.781425485961123
pride,3.7818574514038876
spelt,3.7818574514038876
splat,3.7822894168466523
abort,3.782721382289417
table,3.782721382289417
alien,3.7831533477321813
strip,3.7831533477321813
triad,3.783585313174946
brand,3.783585313174946
later,3.783585313174946
cramp,3.7840172786177106
haste,3.7844492440604753
alter,3.7848812095032396
cleat,3.785745140388769
tonal,3.7861771058315337
trend,3.786609071274298
acorn,3.7870410367170626
close,3.7870410367170626
grant,3.787904967602592
clone,3.787904967602592
arson,3.788768898488121
crest,3.788768898488121
heart,3.788768898488121
smart,3.788768898488121
north,3.788768898488121
caper,3.7892008639308856
recap,3.7896328293736503
stein,3.7896328293736503
pilot,3.7900647948164146
ranch,3.7900647948164146
alone,3.7900647948164146
scorn,3.7904967602591793
place,3.7904967602591793
thorn,3.790928725701944
nadir,3.790928725701944
prose,3.7913606911447086
stone,3.7913606911447086
crime,3.791792656587473
pecan,3.791792656587473
point,3.7922246220302376
rapid,3.7922246220302376
spare,3.7922246220302376
panel,3.7926565874730023
spiel,3.7926565874730023
strap,3.7926565874730023
stair,3.7930885529157665
scare,3.7930885529157665
plain,3.793520518358531
snail,3.793520518358531
renal,3.7943844492440606
pleat,3.7943844492440606
roast,3.7952483801295895
count,3.796112311015119
tidal,3.796112311015119
acrid,3.796544276457883
cream,3.796976241900648
tenor,3.796976241900648
tilde,3.7974082073434126
credo,3.7978401727861772
crust,3.7982721382289415
peril,3.7982721382289415
slice,3.798704103671706
antic,3.798704103671706
trash,3.798704103671706
aisle,3.798704103671706
shirt,3.799136069114471
tramp,3.799136069114471
scent,3.7995680345572356
metal,3.8
poser,3.8
onset,3.8
brace,3.8004319654427645
clean,3.800863930885529
horse,3.800863930885529
spout,3.800863930885529
eclat,3.800863930885529
octal,3.800863930885529
drape,3.800863930885529
snare,3.801295896328294
brain,3.801295896328294
polar,3.801727861771058
smelt,3.801727861771058
spine,3.801727861771058
broth,3.801727861771058
stain,3.802159827213823
scone,3.802159827213823
spore,3.8025917926565875
cedar,3.8030237580993522
siren,3.8030237580993522
salty,3.8030237580993522
actor,3.8034557235421165
saute,3.8034557235421165
tribe,3.8034557235421165
blare,3.8034557235421165
snarl,3.8034557235421165
snipe,3.8034557235421165
panic,3.8034557235421165
stare,3.8034557235421165
probe,3.8034557235421165
grand,3.803887688984881
irate,3.803887688984881
apron,3.803887688984881
copse,3.804319654427646
staid,3.804319654427646
horde,3.8047516198704106
posit,3.8047516198704106
steal,3.8047516198704106
scope,3.8047516198704106
stoic,3.805183585313175
crisp,3.805183585313175
adorn,3.805183585313175
score,3.8056155507559395
grate,3.806047516198704
scalp,3.806047516198704
plaid,3.806047516198704
tread,3.806479481641469
ripen,3.806479481641469
prime,3.806911447084233
plied,3.807343412526998
ramen,3.807343412526998
timer,3.807343412526998
delta,3.807343412526998
pesto,3.807343412526998
inert,3.807343412526998
chant,3.807343412526998
snore,3.8077753779697625
smite,3.8077753779697625
sloth,3.808207343412527
stand,3.808207343412527
tepid,3.8086393088552914
penal,3.809071274298056
inlet,3.809071274298056
court,3.809503239740821
decor,3.809503239740821
claim,3.809503239740821
depot,3.8099352051835855
angst,3.8099352051835855
bacon,3.8099352051835855
laden,3.8099352051835855
glare,3.8103671706263498
realm,3.8107991360691145
baste,3.8107991360691145
recut,3.8107991360691145
resin,3.811231101511879
inter,3.811231101511879
prune,3.811231101511879
notch,3.811231101511879
raise,3.8116630669546434
cadet,3.8116630669546434
gripe,3.812095032397408
saner,3.812095032397408
bleat,3.812095032397408
manic,3.812526997840173
grope,3.812526997840173
chore,3.812526997840173
cabin,3.812526997840173
tonic,3.8129589632829375
pinto,3.8129589632829375
topic,3.8133909287257017
canoe,3.8133909287257017
cider,3.8133909287257017
craft,3.8133909287257017
slime,3.8133909287257017
earth,3.8133909287257017
plier,3.8138228941684664
risen,3.8138228941684664
false,3.814254859611231
retch,3.814254859611231
spoil,3.814254859611231
manor,3.814686825053996
grain,3.814686825053996
paler,3.814686825053996
comet,3.814686825053996
intro,3.81511879049676
reach,3.81511879049676
loath,3.81511879049676
merit,3.81511879049676
crash,3.8155507559395248
crude,3.8155507559395248
bloat,3.8168466522678184
front,3.8168466522678184
share,3.817278617710583
scold,3.8177105831533478
slang,3.8181425485961125
rinse,3.8181425485961125
leash,3.8181425485961125
phase,3.8181425485961125
tamer,3.8185745140388767
torus,3.8185745140388767
baron,3.8185745140388767
frost,3.8185745140388767
hoist,3.8185745140388767
ascot,3.8190064794816414
aider,3.8190064794816414
prude,3.8190064794816414
lathe,3.8190064794816414
poise,3.819438444924406
gland,3.819438444924406
first,3.819870410367171
feast,3.819870410367171
align,3.819870410367171
those,3.820302375809935
midst,3.820302375809935
remit,3.820302375809935
enact,3.8207343412526997
moist,3.8207343412526997
grasp,3.8207343412526997
sonar,3.8207343412526997
stern,3.8211663066954644
pulse,3.8211663066954644
arose,3.8211663066954644
teach,3.8211663066954644
arise,3.8211663066954644
grace,3.8211663066954644
borne,3.821598272138229
solar,3.821598272138229
skate,3.821598272138229
moral,3.821598272138229
glint,3.821598272138229
basil,3.821598272138229
dance,3.8220302375809934
chart,3.8220302375809934
cargo,3.8220302375809934
camel,3.8220302375809934
pitch,3.8220302375809934
scout,3.822462203023758
wrist,3.822462203023758
worst,3.822462203023758
rabid,3.822462203023758
solid,3.822462203023758
pasty,3.822462203023758
islet,3.8228941684665227
trawl,3.8228941684665227
storm,3.8228941684665227
older,3.8228941684665227
slide,3.8228941684665227
plead,3.8228941684665227
boast,3.8228941684665227
space,3.8228941684665227
metro,3.8233261339092874
scion,3.8233261339092874
adopt,3.8233261339092874
stalk,3.8233261339092874
shunt,3.8237580993520517
store,3.8237580993520517
phone,3.8237580993520517
shape,3.8237580993520517
adept,3.8241900647948164
liner,3.8241900647948164
lithe,3.8241900647948164
smile,3.8241900647948164
throb,3.824622030237581
regal,3.824622030237581
donut,3.824622030237581
chord,3.824622030237581
grail,3.8250539956803458
scald,3.8250539956803458
chair,3.8250539956803458
shine,3.8250539956803458
latch,3.8250539956803458
crimp,3.82548596112311
palsy,3.82548596112311
blade,3.8259179265658747
filet,3.8259179265658747
setup,3.8259179265658747
grape,3.8263498920086394
spear,3.8263498920086394
stage,3.826781857451404
stead,3.826781857451404
crank,3.8272138228941683
smote,3.8272138228941683
snout,3.8272138228941683
edict,3.8272138228941683
orbit,3.8272138228941683
bland,3.8272138228941683
relic,3.8272138228941683
decal,3.8272138228941683
shone,3.8272138228941683
froth,3.8272138228941683
shorn,3.8272138228941683
ratio,3.827645788336933
broad,3.8285097192224624
track,3.8285097192224624
unset,3.8285097192224624
chirp,3.8285097192224624
diner,3.8285097192224624
hotel,3.8289416846652267
proud,3.8289416846652267
chain,3.8289416846652267
meant,3.8289416846652267
optic,3.8289416846652267
crypt,3.8289416846652267
caput,3.8293736501079914
cable,3.8293736501079914
their,3.8293736501079914
cleft,3.8293736501079914
sling,3.8293736501079914
mason,3.829805615550756
goner,3.829805615550756
since,3.829805615550756
sonic,3.8302375809935203
scrap,3.8302375809935203
plush,3.8302375809935203
shore,3.8302375809935203
gloat,3.8302375809935203
drift,3.830669546436285
motel,3.830669546436285
olden,3.830669546436285
third,3.8311015118790497
waste,3.8311015118790497
prism,3.8311015118790497
dirge,3.8315334773218144
trick,3.8315334773218144
chard,3.8315334773218144
bride,3.8315334773218144
adult,3.8315334773218144
psalm,3.8319654427645786
round,3.8319654427645786
beast,3.8319654427645786
fetal,3.8319654427645786
death,3.8319654427645786
flint,3.8323974082073433
beard,3.8323974082073433
inept,3.8323974082073433
patsy,3.8323974082073433
giant,3.832829373650108
erupt,3.832829373650108
chase,3.832829373650108
patch,3.832829373650108
blunt,3.8332613390928727
cruel,3.8332613390928727
stomp,3.8332613390928727
heron,3.833693304535637
prank,3.833693304535637
clash,3.833693304535637
crawl,3.8341252699784016
hater,3.8341252699784016
labor,3.8341252699784016
noble,3.8341252699784016
flirt,3.8341252699784016
daunt,3.8341252699784016
spend,3.8341252699784016
force,3.8341252699784016
clamp,3.8341252699784016
grade,3.8345572354211663
frond,3.8345572354211663
groan,3.834989200863931
minor,3.834989200863931
slump,3.834989200863931
tempo,3.834989200863931
spade,3.8354211663066953
baler,3.8354211663066953
great,3.8354211663066953
sedan,3.8354211663066953
wrote,3.83585313174946
large,3.83585313174946
maple,3.83585313174946
groin,3.8362850971922247
slung,3.8362850971922247
braid,3.8362850971922247
shaft,3.8362850971922247
birth,3.8367170626349894
molar,3.8367170626349894
abled,3.8367170626349894
sting,3.8367170626349894
nicer,3.8371490280777536
cloth,3.8371490280777536
loser,3.8371490280777536
cigar,3.8371490280777536
shade,3.8371490280777536
grind,3.8375809935205183
refit,3.8375809935205183
mirth,3.8375809935205183
randy,3.8375809935205183
purse,3.8375809935205183
brine,3.838012958963283
organ,3.838012958963283
glean,3.838012958963283
drawn,3.8384449244060477
urban,3.8384449244060477
atone,3.8384449244060477
tiger,3.838876889848812
lager,3.838876889848812
artsy,3.8393088552915766
ridge,3.8393088552915766
fried,3.8393088552915766
roach,3.8393088552915766
ditch,3.8397408207343413
tunic,3.8397408207343413
brunt,3.840172786177106
melon,3.840172786177106
pedal,3.8406047516198702
leach,3.8406047516198702
broil,3.8406047516198702
china,3.841036717062635
churn,3.841036717062635
berth,3.841036717062635
cling,3.841036717062635
flare,3.841036717062635
blame,3.841036717062635
snide,3.841036717062635
primo,3.8414686825053996
anode,3.8414686825053996
feral,3.8414686825053996
burnt,3.8419006479481643
miner,3.8419006479481643
swept,3.8419006479481643
clout,3.8419006479481643
admit,3.8423326133909286
guest,3.8427645788336933
slurp,3.8427645788336933
opine,3.843196544276458
mince,3.843196544276458
curse,3.843196544276458
along,3.843196544276458
party,3.843196544276458
spurn,3.8436285097192227
radio,3.8436285097192227
heard,3.844060475161987
tango,3.844060475161987
shame,3.844060475161987
piano,3.844060475161987
could,3.844060475161987
prong,3.844060475161987
pinch,3.8444924406047516
porch,3.8444924406047516
model,3.8444924406047516
until,3.8444924406047516
upset,3.8444924406047516
draft,3.8444924406047516
child,3.8449244060475163
glade,3.8449244060475163
spire,3.8449244060475163
slink,3.8449244060475163
stake,3.8449244060475163
spurt,3.8449244060475163
thong,3.845356371490281
built,3.845356371490281
shoal,3.845356371490281
croup,3.845356371490281
clued,3.8457883369330452
range,3.8457883369330452
smith,3.8457883369330452
stamp,3.84622030237581
chest,3.84622030237581
graph,3.84622030237581
sadly,3.8466522678185746
miser,3.8466522678185746
faint,3.8466522678185746
pause,3.8466522678185746
sober,3.8466522678185746
prawn,3.8470842332613393
patio,3.8470842332613393
world,3.8470842332613393
nasty,3.8470842332613393
slunk,3.8470842332613393
baton,3.8470842332613393
steam,3.8475161987041036
agile,3.8475161987041036
foist,3.8475161987041036
depth,3.8475161987041036
forte,3.8479481641468682
crowd,3.8479481641468682
twice,3.8479481641468682
brash,3.8479481641468682
chose,3.8479481641468682
suite,3.848380129589633
drank,3.848380129589633
ocean,3.848380129589633
incur,3.848380129589633
tulip,3.848380129589633
habit,3.8488120950323976
forth,3.8488120950323976
singe,3.849244060475162
pansy,3.849244060475162
write,3.8496760259179266
charm,3.8496760259179266
raspy,3.8501079913606913
debit,3.8501079913606913
lemon,3.8501079913606913
clang,3.8501079913606913
rouse,3.8501079913606913
march,3.8501079913606913
moult,3.8501079913606913
drown,3.8505399568034555
corny,3.8505399568034555
blond,3.8505399568034555
frail,3.8505399568034555
dream,3.8505399568034555
marsh,3.8505399568034555
cheat,3.85097192224622
perch,3.85097192224622
scram,3.85097192224622
filth,3.85097192224622
thing,3.85097192224622
month,3.85097192224622
audit,3.85097192224622
deign,3.85097192224622
crump,3.85097192224622
adore,3.85097192224622
homer,3.85097192224622
botch,3.851403887688985
story,3.851403887688985
brute,3.8518358531317496
rebut,3.8518358531317496
reign,3.8518358531317496
grime,3.8518358531317496
bicep,3.852267818574514
sepia,3.852267818574514
crown,3.852267818574514
macro,3.852267818574514
aloft,3.852267818574514
choir,3.8526997840172785
prowl,3.853131749460043
aptly,3.853131749460043
ralph,3.853563714902808
tonga,3.853563714902808
bread,3.853995680345572
cameo,3.853995680345572
facet,3.853995680345572
birch,3.854427645788337
unlit,3.854427645788337
route,3.854427645788337
sweat,3.854427645788337
crony,3.854427645788337
creak,3.8548596112311015
tipsy,3.8548596112311015
crave,3.8548596112311015
spice,3.8552915766738662
candy,3.8552915766738662
blush,3.8552915766738662
glide,3.856155507559395
robin,3.856155507559395
spied,3.856155507559395
farce,3.856155507559395
angle,3.856155507559395
piney,3.85658747300216
finer,3.85658747300216
sauce,3.85658747300216
scour,3.85658747300216
plank,3.8570194384449246
cower,3.857451403887689
repay,3.857451403887689
bathe,3.857451403887689
agent,3.857451403887689
dunce,3.857451403887689
harem,3.857451403887689
shear,3.8578833693304535
right,3.8578833693304535
south,3.8578833693304535
denim,3.858315334773218
micro,3.858315334773218
flora,3.858315334773218
angel,3.858747300215983
haunt,3.859179265658747
cobra,3.859179265658747
smear,3.859179265658747
sword,3.859179265658747
cause,3.859179265658747
shift,3.859179265658747
reply,3.859179265658747
blurt,3.859179265658747
sworn,3.859611231101512
burst,3.859611231101512
admin,3.8600431965442765
girth,3.8600431965442765
epoch,3.8600431965442765
gruel,3.8600431965442765
dutch,3.8600431965442765
float,3.8600431965442765
rhino,3.8600431965442765
rainy,3.8600431965442765
basin,3.8600431965442765
utile,3.860475161987041
pound,3.860475161987041
mural,3.860475161987041
disco,3.860475161987041
touch,3.860475161987041
tubal,3.860475161987041
power,3.860475161987041
match,3.860475161987041
bluer,3.8609071274298055
anger,3.8609071274298055
shout,3.86133909287257
debar,3.86133909287257
twine,3.86133909287257
sharp,3.86133909287257
aping,3.86133909287257
other,3.86133909287257
serif,3.86133909287257
skirt,3.861771058315335
amend,3.8622030237580995
sight,3.8622030237580995
drove,3.8622030237580995
payer,3.8622030237580995
purge,3.8622030237580995
noise,3.862634989200864
climb,3.862634989200864
stork,3.8630669546436285
hoard,3.8630669546436285
blind,3.8630669546436285
ingot,3.8630669546436285
after,3.8630669546436285
poker,3.8630669546436285
lodge,3.863498920086393
scamp,3.863930885529158
sound,3.863930885529158
trump,3.863930885529158
drawl,3.863930885529158
magic,3.864362850971922
medal,3.864362850971922
ghost,3.864362850971922
slack,3.864794816414687
stark,3.864794816414687
shard,3.864794816414687
fraud,3.864794816414687
prick,3.8652267818574515
dwelt,3.8652267818574515
light,3.8652267818574515
tumor,3.8652267818574515
teary,3.8652267818574515
cloud,3.8652267818574515
basic,3.865658747300216
fault,3.865658747300216
worse,3.865658747300216
straw,3.865658747300216
thief,3.8660907127429804
chide,3.8660907127429804
chute,3.8660907127429804
lunar,3.866522678185745
modal,3.866522678185745
board,3.866522678185745
stank,3.866522678185745
gnome,3.86695464362851
blend,3.86695464362851
prove,3.8673866090712745
graft,3.8678185745140388
clump,3.8678185745140388
flute,3.8678185745140388
grunt,3.8682505399568035
clink,3.8682505399568035
debut,3.8682505399568035
waist,3.8682505399568035
lurch,3.868682505399568
yeast,3.868682505399568
email,3.868682505399568
brawn,3.8691144708423324
gonad,3.8691144708423324
snake,3.8691144708423324
clank,3.8691144708423324
croak,3.8691144708423324
mount,3.8691144708423324
tuber,3.8691144708423324
yearn,3.8691144708423324
outer,3.869546436285097
group,3.869546436285097
ample,3.869978401727862
chasm,3.869978401727862
gamer,3.869978401727862
flame,3.8704103671706265
twirl,3.8704103671706265
stink,3.8704103671706265
relay,3.8704103671706265
night,3.8708423326133907
bagel,3.8708423326133907
rouge,3.8708423326133907
fetid,3.8708423326133907
shire,3.8708423326133907
batch,3.8708423326133907
throw,3.8712742980561554
final,3.8712742980561554
opera,3.8712742980561554
cumin,3.8712742980561554
worth,3.87170626349892
frame,3.87170626349892
aside,3.87170626349892
royal,3.87170626349892
focal,3.87170626349892
tardy,3.872138228941685
scowl,3.872138228941685
logic,3.872138228941685
wrath,3.872570194384449
swath,3.872570194384449
crush,3.872570194384449
golem,3.8730021598272137
felon,3.8734341252699784
ultra,3.8734341252699784
coupe,3.8734341252699784
sumac,3.873866090712743
scarf,3.873866090712743
flier,3.873866090712743
lunch,3.873866090712743
bison,3.8742980561555074
dirty,3.8742980561555074
infer,3.874730021598272
rifle,3.874730021598272
grout,3.874730021598272
medic,3.874730021598272
login,3.874730021598272
flair,3.874730021598272
rayon,3.8751619870410368
uncle,3.8751619870410368
shelf,3.8755939524838015
shied,3.8755939524838015
lingo,3.8755939524838015
amble,3.8755939524838015
glory,3.8760259179265657
demon,3.8760259179265657
ashen,3.8764578833693304
salve,3.8764578833693304
slave,3.8764578833693304
spray,3.8764578833693304
frank,3.8764578833693304
towel,3.8764578833693304
scrum,3.876889848812095
poesy,3.876889848812095
butch,3.876889848812095
doubt,3.876889848812095
fecal,3.876889848812095
chime,3.876889848812095
stock,3.8773218142548598
tower,3.8773218142548598
doing,3.8773218142548598
super,3.8773218142548598
hasty,3.8773218142548598
fetch,3.877753779697624
rogue,3.877753779697624
truck,3.877753779697624
clung,3.877753779697624
grief,3.8781857451403887
brawl,3.8781857451403887
ulcer,3.8781857451403887
niche,3.8786177105831534
datum,3.8786177105831534
spiny,3.8786177105831534
peach,3.8786177105831534
nurse,3.8786177105831534
valet,3.8786177105831534
threw,3.879049676025918
fruit,3.879049676025918
sandy,3.879049676025918
fresh,3.879049676025918
forge,3.879049676025918
filer,3.879049676025918
satyr,3.879049676025918
unite,3.879049676025918
turbo,3.8794816414686824
sower,3.8794816414686824
slimy,3.8794816414686824
locus,3.8794816414686824
scaly,3.8794816414686824
stray,3.8794816414686824
shake,3.879913606911447
safer,3.879913606911447
thrum,3.879913606911447
flush,3.879913606911447
stung,3.879913606911447
scary,3.8803455723542117
lower,3.8803455723542117
wrest,3.8803455723542117
fiend,3.8803455723542117
guilt,3.8803455723542117
guard,3.8803455723542117
mange,3.8807775377969764
hinge,3.8807775377969764
weird,3.8807775377969764
flesh,3.8807775377969764
swine,3.8812095032397407
sinew,3.8812095032397407
taken,3.8812095032397407
might,3.8812095032397407
lucid,3.8812095032397407
stick,3.8812095032397407
drink,3.8812095032397407
lemur,3.8812095032397407
aphid,3.8816414686825054
ombre,3.8816414686825054
cover,3.8816414686825054
cutie,3.8816414686825054
punch,3.88207343412527
water,3.88207343412527
vicar,3.88207343412527
anime,3.88207343412527
carve,3.88207343412527
cheap,3.88207343412527
bilge,3.8825053995680348
clown,3.8825053995680348
sprig,3.8825053995680348
rehab,3.8825053995680348
begat,3.8825053995680348
fable,3.8825053995680348
spank,3.8825053995680348
rivet,3.882937365010799
mango,3.882937365010799
crumb,3.882937365010799
steak,3.882937365010799
stack,3.882937365010799
stony,3.8833693304535637
brief,3.8833693304535637
stump,3.8833693304535637
daisy,3.8833693304535637
idler,3.8833693304535637
daily,3.8838012958963284
bigot,3.884233261339093
badly,3.884233261339093
slick,3.8846652267818573
ounce,3.8846652267818573
avert,3.8846652267818573
media,3.8846652267818573
stave,3.8846652267818573
elfin,3.8846652267818573
louse,3.885097192224622
early,3.8855291576673867
drake,3.8855291576673867
bound,3.8855291576673867
hound,3.8859611231101514
black,3.8859611231101514
acute,3.8859611231101514
belch,3.8859611231101514
impel,3.8859611231101514
covet,3.8863930885529157
sperm,3.8863930885529157
brown,3.8868250539956803
trove,3.8868250539956803
trunk,3.8868250539956803
feign,3.8868250539956803
morph,3.887257019438445
gnash,3.887257019438445
begin,3.887257019438445
think,3.887257019438445
brush,3.8876889848812093
biome,3.8876889848812093
broke,3.8876889848812093
urine,3.8876889848812093
flash,3.888120950323974
being,3.888120950323974
gaunt,3.888120950323974
serum,3.888120950323974
thank,3.888120950323974
ideal,3.8885529157667387
swirl,3.8889848812095034
under,3.8889848812095034
lurid,3.8889848812095034
haute,3.8894168466522676
demur,3.8894168466522676
began,3.8894168466522676
swore,3.8894168466522676
mourn,3.8894168466522676
ethic,3.8898488120950323
vital,3.8898488120950323
wince,3.890280777537797
fancy,3.890280777537797
twang,3.890280777537797
mulch,3.890280777537797
gourd,3.8907127429805617
plume,3.8907127429805617
ready,3.891144708423326
globe,3.891144708423326
champ,3.891144708423326
afire,3.8915766738660906
hotly,3.8915766738660906
lusty,3.8915766738660906
untie,3.8915766738660906
input,3.8920086393088553
sneak,3.8920086393088553
manly,3.89244060475162
layer,3.89244060475162
gleam,3.8928725701943843
blank,3.8928725701943843
unmet,3.8928725701943843
spicy,3.8928725701943843
sugar,3.8928725701943843
tangy,3.8928725701943843
stuck,3.8928725701943843
finch,3.893304535637149
raven,3.893304535637149
amuse,3.8937365010799136
neigh,3.8941684665226783
clerk,3.8941684665226783
shawl,3.8941684665226783
faith,3.8941684665226783
irony,3.8946004319654426
white,3.8946004319654426
vapor,3.8946004319654426
handy,3.8946004319654426
bench,3.8950323974082073
sleet,3.8950323974082073
often,3.895464362850972
growl,3.895464362850972
style,3.895464362850972
welsh,3.8958963282937367
field,3.8958963282937367
bring,3.8958963282937367
abide,3.896328293736501
wider,3.896328293736501
stunk,3.896328293736501
gaily,3.896328293736501
befit,3.896328293736501
deity,3.8967602591792656
cloak,3.8967602591792656
drive,3.8967602591792656
adobe,3.8967602591792656
aloud,3.8971922246220303
valor,3.8971922246220303
anvil,3.8971922246220303
nomad,3.8971922246220303
dingo,3.897624190064795
scrub,3.897624190064795
taker,3.897624190064795
rebus,3.897624190064795
binge,3.8980561555075592
soapy,3.8980561555075592
tract,3.898488120950324
drunk,3.898488120950324
delay,3.898488120950324
surge,3.8989200863930886
spike,3.8989200863930886
bunch,3.8989200863930886
piety,3.8989200863930886
speak,3.8989200863930886
pluck,3.8993520518358533
abode,3.8993520518358533
today,3.8993520518358533
nosey,3.8997840172786176
mercy,3.8997840172786176
snuck,3.8997840172786176
truly,3.8997840172786176
caulk,3.8997840172786176
lover,3.9002159827213823
verso,3.900647948164147
knelt,3.900647948164147
ankle,3.900647948164147
wiser,3.900647948164147
chaos,3.9010799136069116
chief,3.9010799136069116
rumba,3.901511879049676
dusty,3.901511879049676
eight,3.901511879049676
witch,3.901511879049676
mouth,3.901511879049676
lumen,3.9019438444924406
music,3.9019438444924406
chafe,3.9019438444924406
gusto,3.9019438444924406
matey,3.9019438444924406
cavil,3.9019438444924406
lunge,3.9023758099352053
winch,3.9023758099352053
brake,3.9023758099352053
widen,3.90280777537797
dopey,3.90280777537797
mower,3.90280777537797
midge,3.90280777537797
spoke,3.903671706263499
fiber,3.903671706263499
fetus,3.903671706263499
munch,3.903671706263499
humor,3.903671706263499
thump,3.903671706263499
barge,3.903671706263499
liken,3.9045356371490283
chalk,3.9045356371490283
harpy,3.9045356371490283
spark,3.9045356371490283
spunk,3.9045356371490283
macho,3.9045356371490283
decry,3.9045356371490283
blimp,3.9049676025917925
briny,3.9049676025917925
swear,3.9053995680345572
thick,3.905831533477322
house,3.905831533477322
entry,3.905831533477322
dicey,3.905831533477322
swift,3.906263498920086
tense,3.906263498920086
dowel,3.906263498920086
wrack,3.906695464362851
gulch,3.906695464362851
tease,3.906695464362851
minty,3.906695464362851
angry,3.9071274298056156
mealy,3.9071274298056156
troop,3.9071274298056156
pouch,3.9071274298056156
elate,3.9071274298056156
voter,3.9075593952483803
motif,3.9075593952483803
vocal,3.9075593952483803
brink,3.9075593952483803
gipsy,3.9079913606911445
vapid,3.9079913606911445
shank,3.9079913606911445
guile,3.9079913606911445
hardy,3.9079913606911445
flout,3.908423326133909
godly,3.908423326133909
abhor,3.908855291576674
solve,3.908855291576674
madly,3.908855291576674
polka,3.9092872570194386
rusty,3.9092872570194386
amply,3.9092872570194386
brick,3.909719222462203
grown,3.9101511879049675
abuse,3.9101511879049675
screw,3.910583153347732
horny,3.910583153347732
curio,3.910583153347732
spawn,3.910583153347732
pithy,3.911015118790497
album,3.911015118790497
brisk,3.911447084233261
image,3.911447084233261
tough,3.911447084233261
skier,3.911447084233261
inlay,3.911447084233261
flack,3.911447084233261
surly,3.911447084233261
amber,3.911879049676026
beach,3.911879049676026
ethos,3.911879049676026
wagon,3.9123110151187905
plunk,3.9123110151187905
wield,3.9127429805615552
mound,3.9127429805615552
evict,3.9127429805615552
diary,3.9131749460043195
alike,3.9131749460043195
flank,3.9131749460043195
bonus,3.913606911447084
forty,3.913606911447084
stoke,3.913606911447084
watch,3.913606911447084
gamut,3.913606911447084
boney,3.914038876889849
roost,3.914038876889849
fight,3.914038876889849
vista,3.914038876889849
whale,3.9144708423326136
argue,3.914902807775378
about,3.914902807775378
sigma,3.914902807775378
viper,3.914902807775378
coven,3.914902807775378
badge,3.914902807775378
lyric,3.914902807775378
torso,3.9153347732181425
lease,3.9153347732181425
phony,3.915766738660907
pivot,3.916198704103672
tying,3.916198704103672
dwarf,3.916198704103672
shark,3.916198704103672
snack,3.916630669546436
rival,3.916630669546436
dairy,3.916630669546436
balmy,3.916630669546436
shiny,3.916630669546436
shrew,3.916630669546436
visor,3.917062634989201
mouse,3.917062634989201
fibre,3.9174946004319655
owner,3.9174946004319655
build,3.9174946004319655
scuba,3.9174946004319655
rough,3.9174946004319655
shrub,3.91792656587473
honey,3.9183585313174945
curly,3.9183585313174945
musty,3.9183585313174945
stall,3.9183585313174945
chump,3.9183585313174945
mayor,3.9183585313174945
vault,3.918790496760259
mangy,3.918790496760259
swarm,3.919222462203024
token,3.919222462203024
nerdy,3.919222462203024
viral,3.919222462203024
sleep,3.919222462203024
grove,3.9196544276457885
meaty,3.9196544276457885
ebony,3.920086393088553
laugh,3.920086393088553
thumb,3.920086393088553
boule,3.9205183585313175
brave,3.9205183585313175
wench,3.9205183585313175
whelp,3.920950323974082
hover,3.921382289416847
derby,3.921382289416847
gayer,3.921382289416847
decoy,3.921814254859611
wrong,3.921814254859611
grave,3.921814254859611
prize,3.921814254859611
money,3.922246220302376
saucy,3.922246220302376
flask,3.922246220302376
study,3.922246220302376
valid,3.9226781857451405
limbo,3.9226781857451405
creed,3.9226781857451405
corer,3.9226781857451405
synod,3.9226781857451405
wring,3.9226781857451405
suing,3.9235421166306694
break,3.9235421166306694
novel,3.9235421166306694
mover,3.923974082073434
frown,3.923974082073434
syrup,3.923974082073434
whole,3.923974082073434
flour,3.924406047516199
dimly,3.924838012958963
found,3.924838012958963
dough,3.924838012958963
pubic,3.924838012958963
sheik,3.924838012958963
creep,3.9252699784017278
trait,3.9252699784017278
guild,3.9252699784017278
wager,3.9257019438444924
overt,3.9257019438444924
minus,3.9257019438444924
tawny,3.9257019438444924
unfit,3.9265658747300214
bused,3.9265658747300214
nobly,3.926997840172786
these,3.926997840172786
shave,3.926997840172786
moldy,3.9274298056155508
whine,3.9278617710583155
below,3.9278617710583155
frock,3.9278617710583155
lynch,3.9278617710583155
loamy,3.9278617710583155
sheet,3.9278617710583155
whose,3.9278617710583155
halve,3.9282937365010797
cough,3.9282937365010797
lanky,3.9282937365010797
preen,3.9282937365010797
shown,3.9282937365010797
aunty,3.9287257019438444
sloop,3.9287257019438444
welch,3.9287257019438444
speck,3.9287257019438444
mocha,3.9287257019438444
taste,3.929157667386609
swamp,3.929157667386609
noisy,3.929157667386609
steep,3.929589632829374
frisk,3.9304535637149027
craze,3.9304535637149027
nudge,3.9308855291576674
salvo,3.931317494600432
usage,3.9317494600431964
decay,3.9317494600431964
alive,3.932181425485961
among,3.932181425485961
mogul,3.932181425485961
width,3.9326133909287257
diver,3.9326133909287257
clove,3.9326133909287257
knead,3.9326133909287257
would,3.9330453563714904
shrug,3.9330453563714904
plumb,3.9330453563714904
fling,3.9334773218142547
flyer,3.9334773218142547
hyper,3.9334773218142547
shirk,3.9334773218142547
maker,3.9334773218142547
wheat,3.9334773218142547
blink,3.9334773218142547
vomit,3.9334773218142547
bugle,3.9339092872570194
guide,3.9339092872570194
amity,3.9339092872570194
gusty,3.9339092872570194
navel,3.934341252699784
canal,3.934341252699784
while,3.9347732181425488
bingo,3.9347732181425488
stove,3.9347732181425488
stint,3.935205183585313
droll,3.935205183585313
lefty,3.935205183585313
eaten,3.935205183585313
gavel,3.935205183585313
guise,3.935205183585313
vegan,3.935205183585313
spill,3.9356371490280777
bowel,3.9356371490280777
trite,3.9356371490280777
dense,3.9360691144708424
terse,3.9360691144708424
bulge,3.9360691144708424
whirl,3.9360691144708424
state,3.9360691144708424
repel,3.936501079913607
wight,3.936501079913607
flake,3.936501079913607
chunk,3.936501079913607
dogma,3.936501079913607
erect,3.9369330453563713
smirk,3.9369330453563713
freak,3.937365010799136
baker,3.937365010799136
femur,3.9386609071274297
apart,3.9386609071274297
umbra,3.9390928725701944
cagey,3.9390928725701944
haven,3.939524838012959
exalt,3.939524838012959
hovel,3.939524838012959
swing,3.939524838012959
devil,3.9399568034557237
fiery,3.9399568034557237
yacht,3.940388768898488
flume,3.940388768898488
latte,3.940388768898488
thyme,3.940388768898488
shock,3.940388768898488
wound,3.940388768898488
choke,3.9408207343412527
foyer,3.9408207343412527
bleak,3.9412526997840174
smack,3.9412526997840174
aorta,3.941684665226782
humid,3.941684665226782
donor,3.941684665226782
shuck,3.9421166306695463
three,3.942548596112311
gaudy,3.942548596112311
crepe,3.942548596112311
girly,3.942548596112311
blown,3.942548596112311
bloke,3.942548596112311
steel,3.942548596112311
women,3.9429805615550757
lousy,3.9429805615550757
lofty,3.9429805615550757
hydro,3.9429805615550757
burly,3.9429805615550757
grimy,3.9429805615550757
stilt,3.94341252699784
vaunt,3.94341252699784
erode,3.94341252699784
pouty,3.94341252699784
savor,3.94341252699784
human,3.9438444924406046
dowry,3.9438444924406046
taint,3.9438444924406046
curve,3.9442764578833693
elect,3.9442764578833693
elbow,3.9442764578833693
block,3.9442764578833693
bravo,3.9442764578833693
steed,3.944708423326134
droop,3.9451403887688983
weary,3.9451403887688983
natal,3.945572354211663
liver,3.9460043196544277
easel,3.9460043196544277
shady,3.9460043196544277
lying,3.9460043196544277
spool,3.9460043196544277
ghoul,3.9464362850971924
hyena,3.9464362850971924
carat,3.9464362850971924
pudgy,3.9464362850971924
dying,3.9464362850971924
drool,3.9464362850971924
ought,3.9464362850971924
yield,3.9464362850971924
altar,3.9464362850971924
silky,3.9468682505399566
usher,3.9468682505399566
dumpy,3.9468682505399566
crier,3.9468682505399566
flung,3.9473002159827213
perky,3.9473002159827213
budge,3.9473002159827213
favor,3.947732181425486
rhyme,3.947732181425486
aglow,3.947732181425486
dingy,3.947732181425486
fluid,3.947732181425486
still,3.948596112311015
warty,3.948596112311015
beset,3.9490280777537796
pushy,3.9490280777537796
shack,3.9490280777537796
beady,3.9494600431965443
glyph,3.949892008639309
pasta,3.949892008639309
wreck,3.949892008639309
creme,3.949892008639309
wafer,3.949892008639309
betel,3.950755939524838
small,3.950755939524838
tarot,3.9511879049676026
woman,3.9516198704103673
hairy,3.9516198704103673
leafy,3.9520518358531316
begun,3.9524838012958963
endow,3.9524838012958963
suave,3.952915766738661
topaz,3.9533477321814257
flick,3.9533477321814257
duvet,3.9533477321814257
audio,3.9533477321814257
oaken,3.95377969762419
unfed,3.95377969762419
wreak,3.95377969762419
glove,3.9546436285097193
wharf,3.9546436285097193
shove,3.9546436285097193
start,3.9546436285097193
motor,3.955075593952484
unity,3.955075593952484
drama,3.955075593952484
pagan,3.955075593952484
nasal,3.955075593952484
boost,3.955075593952484
reset,3.955075593952484
rowdy,3.9555075593952482
breed,3.9555075593952482
deter,3.955939524838013
debug,3.955939524838013
foray,3.955939524838013
salad,3.9563714902807776
cyber,3.9563714902807776
smock,3.9563714902807776
empty,3.9563714902807776
eater,3.9563714902807776
wordy,3.9568034557235423
leper,3.9568034557235423
prior,3.9568034557235423
erase,3.9568034557235423
venom,3.9568034557235423
allot,3.9572354211663066
voice,3.9572354211663066
elite,3.9572354211663066
giver,3.9572354211663066
local,3.9572354211663066
drier,3.9572354211663066
flunk,3.9572354211663066
wrung,3.9572354211663066
snaky,3.9576673866090712
beret,3.9576673866090712
omega,3.958099352051836
sweet,3.958099352051836
focus,3.958099352051836
spree,3.9585313174946006
shall,3.9585313174946006
knife,3.9585313174946006
given,3.9585313174946006
stoop,3.9585313174946006
fleet,3.9585313174946006
greet,3.958963282937365
there,3.958963282937365
gecko,3.958963282937365
parer,3.958963282937365
skimp,3.958963282937365
canon,3.9593952483801296
forum,3.9593952483801296
spell,3.9598272138228943
brood,3.9598272138228943
zonal,3.9598272138228943
naive,3.9598272138228943
rebel,3.960259179265659
treat,3.960691144708423
piece,3.960691144708423
bough,3.960691144708423
exist,3.960691144708423
rodeo,3.961123110151188
greed,3.961123110151188
itchy,3.961123110151188
agony,3.961123110151188
tiara,3.961123110151188
vigor,3.961123110151188
sulky,3.9615550755939526
lumpy,3.9619870410367173
color,3.9624190064794815
viola,3.9624190064794815
class,3.9628509719222462
snowy,3.9628509719222462
smoke,3.963282937365011
lymph,3.963282937365011
robot,3.963282937365011
relax,3.963714902807775
ovate,3.963714902807775
hefty,3.963714902807775
loose,3.96414686825054
eying,3.96414686825054
order,3.96414686825054
basal,3.96414686825054
fairy,3.96414686825054
title,3.96414686825054
toast,3.9645788336933045
swung,3.9645788336933045
sheen,3.9650107991360692
fleck,3.9654427645788335
newly,3.965874730021598
scene,3.965874730021598
pesky,3.965874730021598
ladle,3.966306695464363
havoc,3.966306695464363
drill,3.967170626349892
crass,3.967170626349892
banal,3.967170626349892
cabal,3.9676025917926565
weigh,3.968034557235421
movie,3.968034557235421
snoop,3.968466522678186
maybe,3.968466522678186
imply,3.968466522678186
joint,3.96889848812095
terra,3.969330453563715
cease,3.9697624190064795
elope,3.9697624190064795
condo,3.9697624190064795
riper,3.970194384449244
shoot,3.970194384449244
ovine,3.9706263498920085
octet,3.9706263498920085
heady,3.9706263498920085
flown,3.9706263498920085
rugby,3.971058315334773
atoll,3.971058315334773
ardor,3.971490280777538
troll,3.971490280777538
flock,3.971490280777538
green,3.9719222462203025
total,3.9719222462203025
alarm,3.9719222462203025
pence,3.9719222462203025
privy,3.9719222462203025
colon,3.9719222462203025
elder,3.972354211663067
ficus,3.972354211663067
voila,3.972354211663067
fritz,3.972354211663067
tenth,3.9727861771058315
unwed,3.9727861771058315
value,3.9727861771058315
circa,3.9727861771058315
joist,3.973218142548596
toxin,3.973218142548596
picky,3.973218142548596
apnea,3.973218142548596
eking,3.973650107991361
meter,3.973650107991361
swami,3.974082073434125
abate,3.97451403887689
shell,3.97451403887689
downy,3.9749460043196545
spiky,3.975377969762419
leaky,3.975377969762419
retro,3.9758099352051834
rocky,3.9758099352051834
cello,3.9758099352051834
semen,3.976241900647948
reuse,3.976241900647948
duchy,3.976241900647948
sauna,3.9771058315334775
gravy,3.9771058315334775
racer,3.9771058315334775
fluke,3.9771058315334775
scree,3.9775377969762418
stool,3.9775377969762418
owing,3.9775377969762418
blitz,3.9779697624190065
trust,3.978401727861771
using,3.978401727861771
above,3.978833693304536
video,3.978833693304536
tacit,3.978833693304536
radii,3.978833693304536
lapel,3.978833693304536
freed,3.9792656587473
dried,3.9792656587473
blaze,3.9792656587473
steer,3.979697624190065
sooth,3.979697624190065
truer,3.980561555075594
genre,3.9809935205183584
afoul,3.9809935205183584
pinky,3.9809935205183584
fudge,3.9809935205183584
toxic,3.981425485961123
wispy,3.981425485961123
spoon,3.981857451403888
gumbo,3.982289416846652
quest,3.982289416846652
noose,3.982289416846652
buyer,3.982289416846652
mushy,3.982289416846652
stunt,3.9827213822894167
piper,3.9831533477321814
tacky,3.9831533477321814
hymen,3.983585313174946
armor,3.983585313174946
glaze,3.983585313174946
niece,3.9840172786177104
scoop,3.9840172786177104
merge,3.9840172786177104
moron,3.9840172786177104
titan,3.984449244060475
pixel,3.9848812095032398
tweak,3.9853131749460045
risky,3.9853131749460045
adapt,3.9853131749460045
detox,3.9853131749460045
dross,3.9857451403887687
honor,3.9861771058315334
chill,3.9861771058315334
attic,3.986609071274298
slash,3.987041036717063
rearm,3.987041036717063
olive,3.987041036717063
sleek,3.987041036717063
avoid,3.987041036717063
sheep,3.987473002159827
bawdy,3.987473002159827
stood,3.987473002159827
rider,3.9883369330453564
fatal,3.9883369330453564
filmy,3.9883369330453564
tulle,3.9883369330453564
peace,3.9892008639308854
bylaw,3.9892008639308854
lilac,3.9892008639308854
glass,3.98963282937365
sally,3.98963282937365
graze,3.9900647948164147
trout,3.9900647948164147
smell,3.9900647948164147
virus,3.9900647948164147
posse,3.9904967602591794
comfy,3.9904967602591794
briar,3.9904967602591794
asset,3.9904967602591794
genie,3.9909287257019437
windy,3.9909287257019437
cheer,3.9913606911447084
beget,3.991792656587473
belie,3.991792656587473
boxer,3.9922246220302378
dozen,3.9922246220302378
mania,3.992656587473002
imbue,3.9930885529157667
woken,3.9930885529157667
nymph,3.9930885529157667
cinch,3.9935205183585314
whiny,3.9935205183585314
theme,3.9935205183585314
froze,3.993952483801296
opium,3.993952483801296
limit,3.993952483801296
savoy,3.9943844492440603
creek,3.9943844492440603
paper,3.9943844492440603
egret,3.994816414686825
press,3.994816414686825
whisk,3.994816414686825
ninth,3.994816414686825
bushy,3.994816414686825
ditto,3.9952483801295897
manga,3.9961123110151187
speed,3.9961123110151187
photo,3.9961123110151187
riser,3.9965442764578833
major,3.9965442764578833
elide,3.9965442764578833
friar,3.9965442764578833
cress,3.996976241900648
recur,3.9974082073434127
rural,3.9974082073434127
covey,3.9974082073434127
whack,3.9974082073434127
sixth,3.9974082073434127
curvy,3.997840172786177
hence,3.997840172786177
timid,3.9982721382289417
eagle,3.9982721382289417
youth,3.9987041036717064
stash,3.9987041036717064
ether,3.999136069114471
arbor,3.999136069114471
shaky,3.9995680345572353
bliss,4.0
dress,4.0
aroma,4.0
siege,4.000431965442765
wimpy,4.000431965442765
waver,4.000431965442765
blood,4.000431965442765
ruder,4.000863930885529
taunt,4.000863930885529
taboo,4.000863930885529
extol,4.000863930885529
moose,4.000863930885529
vowel,4.000863930885529
ledge,4.001295896328294
groom,4.001295896328294
slosh,4.001295896328294
gorge,4.001295896328294
enter,4.001727861771058
cross,4.001727861771058
squat,4.001727861771058
fungi,4.001727861771058
algae,4.001727861771058
totem,4.001727861771058
hitch,4.001727861771058
goose,4.002159827213823
arena,4.002159827213823
sheer,4.002159827213823
canny,4.002159827213823
tally,4.002591792656587
leech,4.003023758099352
grass,4.003455723542117
dread,4.003455723542117
strut,4.003887688984881
joust,4.003887688984881
again,4.003887688984881
agate,4.003887688984881
slush,4.003887688984881
puree,4.004751619870411
odder,4.004751619870411
sneer,4.004751619870411
vouch,4.0051835853131745
iliac,4.005615550755939
otter,4.005615550755939
roger,4.006047516198704
bless,4.006047516198704
tutor,4.006911447084233
linen,4.006911447084233
waive,4.006911447084233
harsh,4.007343412526998
purer,4.007343412526998
awful,4.007343412526998
brass,4.007343412526998
banjo,4.007775377969763
awoke,4.007775377969763
masse,4.007775377969763
fishy,4.007775377969763
catch,4.008639308855291
exact,4.008639308855291
edify,4.009071274298056
gross,4.009071274298056
crack,4.009071274298056
truss,4.009071274298056
fjord,4.009071274298056
knave,4.009503239740821
truth,4.009503239740821
lasso,4.009503239740821
crazy,4.009503239740821
proof,4.009935205183585
dusky,4.009935205183585
foamy,4.009935205183585
proxy,4.009935205183585
fence,4.01036717062635
pooch,4.010799136069115
broom,4.011231101511879
murky,4.011231101511879
tasty,4.011231101511879
rerun,4.011663066954644
spasm,4.012095032397408
agree,4.012095032397408
ester,4.012095032397408
bribe,4.012095032397408
grill,4.012095032397408
hazel,4.012095032397408
exult,4.012095032397408
uncut,4.012095032397408
label,4.0125269978401725
rigid,4.0125269978401725
lipid,4.012958963282937
apple,4.013822894168467
lucky,4.013822894168467
showy,4.013822894168467
woven,4.013822894168467
liege,4.014254859611231
ruler,4.014686825053996
vinyl,4.014686825053996
gloss,4.014686825053996
hatch,4.014686825053996
axion,4.014686825053996
conch,4.015118790496761
dally,4.015118790496761
extra,4.015118790496761
askew,4.015118790496761
jaunt,4.0155507559395245
rupee,4.0155507559395245
twist,4.0155507559395245
hedge,4.015982721382289
crook,4.015982721382289
conic,4.015982721382289
unify,4.015982721382289
inner,4.015982721382289
bleep,4.016846652267819
swill,4.016846652267819
borax,4.017278617710583
quilt,4.017710583153348
await,4.017710583153348
index,4.018142548596113
skill,4.018142548596113
tithe,4.018142548596113
druid,4.018574514038877
chili,4.018574514038877
young,4.018574514038877
sooty,4.019006479481641
flaky,4.019006479481641
cacti,4.019006479481641
junto,4.019438444924406
idiot,4.019438444924406
zebra,4.019438444924406
amiss,4.019438444924406
stout,4.019438444924406
hello,4.019438444924406
abase,4.0198704103671705
parka,4.020302375809935
tryst,4.020302375809935
milky,4.020302375809935
howdy,4.0207343412527
rigor,4.0207343412527
legal,4.021166306695465
dandy,4.021166306695465
defer,4.021166306695465
booth,4.021598272138229
etude,4.022030237580993
testy,4.022030237580993
rebar,4.022462203023758
helix,4.022462203023758
tight,4.0228941684665225
husky,4.0228941684665225
elude,4.0228941684665225
gazer,4.023326133909287
maize,4.023758099352052
musky,4.023758099352052
frill,4.023758099352052
wacky,4.024622030237581
waltz,4.024622030237581
heath,4.025053995680346
rally,4.025053995680346
ionic,4.025053995680346
sappy,4.025053995680346
parry,4.02548596112311
bleed,4.025917926565874
digit,4.026349892008639
fixer,4.026349892008639
floor,4.026349892008639
vague,4.026781857451404
butte,4.0272138228941685
afoot,4.0272138228941685
swell,4.0272138228941685
ensue,4.027645788336933
quote,4.027645788336933
tweed,4.028077753779698
mauve,4.028077753779698
pupal,4.028077753779698
zesty,4.028077753779698
bayou,4.028941684665226
rumor,4.028941684665226
hutch,4.029373650107991
wooer,4.029805615550756
sweep,4.029805615550756
skull,4.030669546436285
basis,4.03110151187905
libel,4.031965442764579
revel,4.032829373650108
renew,4.032829373650108
ovary,4.033261339092872
vogue,4.033261339092872
deuce,4.033693304535637
paddy,4.033693304535637
segue,4.033693304535637
vodka,4.034125269978402
lorry,4.034125269978402
sixty,4.034125269978402
award,4.034989200863931
pupil,4.034989200863931
silly,4.034989200863931
comic,4.035421166306696
bloom,4.035421166306696
ivory,4.035421166306696
hunch,4.03585313174946
leery,4.036285097192224
envoy,4.0375809935205185
utter,4.0375809935205185
eager,4.038012958963283
annul,4.038012958963283
icing,4.038444924406048
crock,4.038444924406048
clack,4.038876889848812
beech,4.038876889848812
agora,4.038876889848812
diode,4.038876889848812
alibi,4.039740820734341
swoop,4.039740820734341
inbox,4.039740820734341
surer,4.039740820734341
lupus,4.039740820734341
mucky,4.039740820734341
smoky,4.040172786177106
fella,4.040172786177106
gloom,4.040172786177106
crick,4.04060475161987
sully,4.04060475161987
penny,4.041036717062635
inane,4.0414686825054
oxide,4.0414686825054
arrow,4.0419006479481645
rower,4.0419006479481645
quart,4.0419006479481645
upper,4.0419006479481645
verse,4.0419006479481645
stiff,4.042332613390928
theft,4.042764578833693
mecca,4.042764578833693
curry,4.042764578833693
chess,4.042764578833693
modem,4.043196544276458
alley,4.043628509719222
comma,4.043628509719222
retry,4.043628509719222
flood,4.044492440604752
sewer,4.044492440604752
axiom,4.045356371490281
tibia,4.045356371490281
rabbi,4.045356371490281
payee,4.045788336933045
kneel,4.045788336933045
obese,4.046652267818574
aging,4.046652267818574
vying,4.047084233261339
junta,4.047084233261339
hunky,4.047516198704104
ratty,4.047516198704104
nerve,4.047516198704104
loyal,4.047516198704104
coyly,4.047948164146868
sorry,4.048812095032398
dolly,4.048812095032398
coach,4.049244060475162
abbot,4.049244060475162
enema,4.049244060475162
carry,4.049244060475162
bulky,4.049676025917926
mucus,4.049676025917926
serve,4.049676025917926
dryer,4.049676025917926
krill,4.049676025917926
outdo,4.049676025917926
macaw,4.049676025917926
bosom,4.050107991360691
larva,4.050107991360691
aloof,4.050539956803456
brook,4.050539956803456
bible,4.050539956803456
thigh,4.050539956803456
swoon,4.050539956803456
gawky,4.050539956803456
apply,4.05097192224622
floss,4.051403887688985
furor,4.051403887688985
blurb,4.05183585313175
petty,4.05183585313175
reedy,4.052699784017278
gassy,4.052699784017278
heavy,4.052699784017278
where,4.052699784017278
alpha,4.052699784017278
newer,4.052699784017278
seven,4.053131749460043
cache,4.053131749460043
verge,4.053131749460043
sniff,4.053563714902808
flail,4.053563714902808
loopy,4.053563714902808
staff,4.053995680345572
spook,4.054427645788337
karma,4.054859611231102
aware,4.055723542116631
cliff,4.055723542116631
dodge,4.056155507559395
caddy,4.05658747300216
quoth,4.057019438444924
skulk,4.057019438444924
waxen,4.057019438444924
theta,4.057451403887689
ditty,4.057883369330454
click,4.057883369330454
plump,4.059179265658747
spoof,4.060475161987041
augur,4.060907127429806
fanny,4.060907127429806
naval,4.060907127429806
civil,4.06133909287257
juice,4.06133909287257
quota,4.061771058315335
smash,4.061771058315335
avian,4.0622030237581
occur,4.0622030237581
wheel,4.0622030237581
wedge,4.0622030237581
joker,4.0622030237581
usual,4.0622030237581
fifth,4.0626349892008635
visit,4.0626349892008635
squad,4.0626349892008635
going,4.0626349892008635
udder,4.063066954643628
quite,4.063066954643628
tenet,4.063066954643628
ember,4.063498920086393
booty,4.063498920086393
epoxy,4.063498920086393
whoop,4.063930885529158
alloy,4.063930885529158
toddy,4.063930885529158
agape,4.064362850971922
mambo,4.064794816414687
needy,4.064794816414687
qualm,4.064794816414687
rover,4.065226781857452
bitty,4.065658747300216
idiom,4.06609071274298
mafia,4.06609071274298
patty,4.06609071274298
forgo,4.066522678185745
putty,4.066522678185745
polyp,4.06695464362851
gayly,4.067386609071274
couch,4.067386609071274
fauna,4.067386609071274
azure,4.067386609071274
bongo,4.068250539956804
koala,4.068250539956804
ahead,4.068250539956804
knack,4.069114470842333
dryly,4.069114470842333
sunny,4.069114470842333
lever,4.069546436285097
allow,4.070410367170626
leave,4.071274298056156
embed,4.072138228941685
funky,4.07257019438445
unzip,4.0730021598272135
icily,4.0730021598272135
teddy,4.073434125269978
undue,4.073434125269978
sieve,4.073434125269978
avail,4.073434125269978
dwell,4.073866090712743
event,4.073866090712743
roomy,4.0742980561555076
golly,4.0742980561555076
dilly,4.074730021598272
undid,4.075161987041037
fewer,4.075161987041037
igloo,4.075593952483802
knoll,4.076025917926565
dully,4.076889848812095
hippo,4.076889848812095
missy,4.077753779697624
delve,4.078185745140389
stuff,4.078185745140389
catty,4.078617710583154
seedy,4.078617710583154
shook,4.078617710583154
holly,4.078617710583154
adage,4.079049676025918
ruddy,4.079049676025918
cluck,4.079049676025918
vixen,4.079481641468682
cynic,4.079481641468682
clock,4.079481641468682
never,4.0803455723542115
annoy,4.0803455723542115
nutty,4.080777537796976
humus,4.080777537796976
judge,4.081209503239741
aback,4.08207343412527
gypsy,4.082505399568035
awash,4.082505399568035
offer,4.082937365010799
quash,4.082937365010799
usurp,4.083801295896328
harry,4.083801295896328
sever,4.084233261339093
folio,4.084233261339093
marry,4.085097192224622
radar,4.085529157667387
quiet,4.085961123110152
kneed,4.085961123110152
happy,4.086393088552915
gooey,4.086393088552915
knock,4.086393088552915
humph,4.0876889848812095
merry,4.089416846652268
oddly,4.089848812095032
chaff,4.089848812095032
cubic,4.089848812095032
nylon,4.091144708423326
gauze,4.091144708423326
chick,4.091576673866091
hurry,4.0920086393088555
snuff,4.0920086393088555
berry,4.092872570194385
belly,4.093736501079913
river,4.093736501079913
skunk,4.094168466522678
livid,4.094600431965443
guess,4.094600431965443
quack,4.0950323974082075
rotor,4.0950323974082075
bevel,4.095896328293737
scoff,4.096328293736501
folly,4.096760259179265
abyss,4.09719222462203
cabby,4.097624190064795
shyly,4.098056155507559
cycle,4.098488120950324
villa,4.098488120950324
squib,4.098488120950324
goody,4.098488120950324
elegy,4.098920086393089
cheek,4.0993520518358535
dodgy,4.0993520518358535
swish,4.0993520518358535
equip,4.0993520518358535
pique,4.099784017278617
sense,4.099784017278617
wooly,4.100215982721382
which,4.100215982721382
quark,4.100215982721382
equal,4.100215982721382
batty,4.101079913606911
bossy,4.101511879049676
lowly,4.101943844492441
guppy,4.1023758099352055
revue,4.10280777537797
idyll,4.10280777537797
outgo,4.10280777537797
gruff,4.103239740820734
lobby,4.103239740820734
buxom,4.103671706263499
enjoy,4.104103671706263
quail,4.104535637149028
swash,4.104535637149028
baggy,4.104967602591793
valve,4.104967602591793
issue,4.105399568034557
hippy,4.105831533477322
moody,4.106263498920087
billy,4.107127429805615
gully,4.107127429805615
pulpy,4.107127429805615
worry,4.108423326133909
jumpy,4.108855291576674
hilly,4.108855291576674
witty,4.108855291576674
fever,4.108855291576674
enemy,4.109287257019439
chock,4.109287257019439
penne,4.109287257019439
dummy,4.110151187904967
leggy,4.110151187904967
mossy,4.110583153347732
gouge,4.111447084233261
furry,4.112311015118791
tabby,4.112311015118791
offal,4.112742980561555
jumbo,4.112742980561555
piggy,4.112742980561555
gaffe,4.115334773218143
hussy,4.115334773218143
freer,4.116198704103672
juicy,4.1170626349892006
gauge,4.1170626349892006
seize,4.117494600431965
bully,4.11792656587473
tepee,4.11792656587473
eerie,4.11792656587473
quasi,4.119222462203024
bunny,4.1200863930885525
buddy,4.120518358531317
widow,4.120518358531317
union,4.120950323974082
plaza,4.121382289416847
fifty,4.121382289416847
ferry,4.122246220302376
soggy,4.122246220302376
quirk,4.123110151187905
muddy,4.124838012958963
sushi,4.125269978401728
essay,4.125269978401728
beefy,4.125269978401728
ennui,4.125269978401728
razor,4.125701943844493
vigil,4.126133909287257
eject,4.126565874730022
papal,4.126997840172786
pygmy,4.1274298056155505
myrrh,4.12829373650108
query,4.12829373650108
ovoid,4.129157667386609
evade,4.129157667386609
biddy,4.130021598272139
kiosk,4.131317494600432
salsa,4.1317494600431965
taffy,4.1317494600431965
quick,4.132613390928726
rajah,4.132613390928726
wryly,4.133045356371491
kitty,4.133477321814254
giddy,4.135205183585313
bluff,4.135205183585313
filly,4.135205183585313
axial,4.136069114470843
check,4.137365010799136
savvy,4.1377969762419005
tooth,4.13866090712743
heave,4.1390928725701945
chuck,4.140388768898488
funny,4.140388768898488
fussy,4.140820734341252
geeky,4.141684665226782
jerky,4.1421166306695465
fatty,4.143412526997841
teeth,4.144276457883369
geese,4.1451403887688985
belle,4.1451403887688985
fully,4.1464362850971925
woody,4.146868250539957
refer,4.146868250539957
willy,4.146868250539957
hobby,4.146868250539957
guava,4.147300215982721
weedy,4.147732181425486
skiff,4.147732181425486
error,4.147732181425486
fugue,4.14816414686825
kebab,4.14816414686825
gummy,4.148596112311015
exert,4.150323974082074
rarer,4.150323974082074
cacao,4.150323974082074
bezel,4.150755939524838
motto,4.151187904967602
venue,4.151619870410367
melee,4.152051835853132
madam,4.152051835853132
evoke,4.155075593952484
khaki,4.155939524838013
expel,4.155939524838013
goofy,4.156371490280778
booze,4.156371490280778
tweet,4.157667386609071
dowdy,4.1585313174946
array,4.1585313174946
puffy,4.15939524838013
awake,4.159827213822894
magma,4.160691144708423
gamma,4.161123110151188
pixie,4.162419006479482
cocoa,4.163282937365011
ozone,4.163282937365011
foggy,4.163282937365011
buggy,4.163714902807776
whiff,4.163714902807776
exile,4.16414686825054
every,4.164578833693304
known,4.167170626349892
mimic,4.16889848812095
llama,4.16889848812095
juror,4.170194384449244
abbey,4.170626349892008
annex,4.174082073434125
quake,4.178833693304536
ninja,4.1792656587473
weave,4.179697624190065
pizza,4.18012958963283
amass,4.180993520518358
twixt,4.183153347732182
kinky,4.184017278617711
kappa,4.185313174946004
maxim,4.185313174946004
excel,4.188336933045356
jewel,4.190064794816415
nanny,4.191360691144708
allay,4.193088552915767
emcee,4.194816414686825
onion,4.1965442764578835
minim,4.197408207343413
amaze,4.199136069114471
quell,4.207343412526998
jolly,4.209503239740821
queer,4.210799136069115
slyly,4.215982721382289
verve,4.216414686825054
daddy,4.216846652267819
sassy,4.219438444924406
shush,4.224622030237581
assay,4.225917926565875
queen,4.227645788336933
femme,4.229373650107991
jelly,4.229805615550756
level,4.230237580993521
jetty,4.2319654427645785
quill,4.233693304535637
civic,4.23585313174946
boozy,4.238444924406047
poppy,4.244492440604752
mammy,4.247084233261339
ninny,4.250107991360691
sissy,4.250107991360691
affix,4.253131749460043
tatty,4.25658747300216
dizzy,4.263066954643628
puppy,4.265226781857451
booby,4.267818574514039
kayak,4.279481641468682
vivid,4.288120950323974
bobby,4.290712742980562
fluff,4.2924406047516195
woozy,4.294600431965443
mummy,4.300647948164147
fizzy,4.312311015118791
mamma,4.3144708423326135
jiffy,4.314902807775378
fuzzy,4.316198704103671
jazzy,4.3732181425485965
queue,4.424190064794816
